Video name,Video link,Video post date,Creator username,GMV,Affiliate items sold ,Affiliate shoppable video GMV,Shoppable video avg. order value,Est. commission,Est. flat fee,Affiliate orders,Shoppable video impressions,Affiliate CTR,Shoppable video GPM,Affiliate items refunded,Affiliate refunded GMV,Shoppable video comments,Shoppable video likes
My lips feel so soft with @COLORGRAM OFFICIAL Matt lip tints🩷 #liptint #makeup #fypシ゚viral ,https://www.tiktok.com/@faatimaaxo/video/7515516198302321963,2025-06-13,faatimaaxo,90.93,5,90.93,30.31,0,--,3,3935,1.72%,21.42,0,0,1,5
,https://www.tiktok.com/@danyasol/video/7519751833628183821,2025-06-24,danyasol,39.96,2,39.96,19.98,0,--,2,510,2.21%,73.46,1,19.98,0,2
Here’s my summer beauty routine!!  I’ll have some of the items linked if i can find it on TikTok shop LOL but this has been my routine for the past couple months and honestly my skin is glowing :3 it’s not perfect yet but it’s getting there!! #skincareroutine #summerbeauty #summermakeup #koreanskincare ,https://www.tiktok.com/@melaurale/video/7507787925040532766,2025-05-23,melaurale,0,0,0,--,0,--,0,36,0.00%,0,0,0,0,2
shop my favs 😍 leaves my lips so plumped and glossy 😍😮‍💨 #liptint #lipgloss #makeup #fypシ゚viral ,https://www.tiktok.com/@faatimaaxo/video/7515261771381476654,2025-06-12,faatimaaxo,0,0,0,--,0,--,0,16,5.56%,0,0,0,0,2
ok lip combo 😍😍 #fypage #lipsync ,https://www.tiktok.com/@faatimaaxo/video/7515900818545986858,2025-06-14,faatimaaxo,0,0,0,--,0,--,0,5313,1.98%,0,0,0,0,9
Natural Lip liner I Love 💕 #overline #overlinedlips #lipliner #liplinerhack #foryoupage #fyp #fypシ ,https://www.tiktok.com/@lunas_journall/video/7515953027874917675,2025-06-14,lunas_journall,0,0,0,--,0,--,0,8,71.43%,0,0,0,0,0
These are such beautiful lip products! Perfect for the summer!! Thank you so much to Colorgram and 4am.kr for sending these products! 💗💗 #sunkissed #sunkissedlips #colorgram #colorgramgirls #fruityglasstint #nudeblurtint #glowymakeup #lipcombo @COLORGRAM OFFICIAL @4am.kr ,https://www.tiktok.com/@txsmiaaaa/video/7516024215179496747,2025-06-14,txsmiaaaa,0,0,0,--,0,--,0,188,1.20%,0,0,0,0,1
Thank u!!!! Review coming soon 🩵@COLORGRAM OFFICIAL - @4am.kr #sunkissedlips #sunkissedmakeup #summervibes #islandgirlmakeup #glowup #glowymakeup #summermakeup #lipcombo #lipstain #colorgram #colorgramgirls #colorgramglowup #colorgramliptint #fruityglasstint #nudeblurtint #glosstostain ,https://www.tiktok.com/@hannersworld/video/7516286428456684831,2025-06-15,hannersworld,0,0,0,--,0,--,0,41,0.00%,0,0,0,0,0
@COLORGRAM OFFICIAL #colorgram #fruityglasstint #koreanmakeup #lipgloss #kbeauty ,https://www.tiktok.com/@citygrlx3/video/7516396176258698542,2025-06-15,citygrlx3,0,0,0,--,0,--,0,18,0.00%,0,0,0,0,1
i’ve been obsessed with these @COLORGRAM OFFICIAL matt blur lip tints. I NEED ALL OF THEM i’ve been using them every day nonstop 😫😫😍😍😍😍😍😍😍😍😍,https://www.tiktok.com/@faatimaaxo/video/7516580388672687374,2025-06-16,faatimaaxo,0,0,0,--,0,--,0,64,10.53%,0,0,0,0,1
Lmk what you get 😅🤣#cachorrinhamadame #cachorrinha #cachorrinhaschallenge #trending #fypシ゚viral #fyp #lipgloss ,https://www.tiktok.com/@curly.head.barbs/video/7517046944846466335,2025-06-17,curly.head.barbs,0,0,0,--,0,--,0,11,12.50%,0,0,0,0,0
💖 Tu Brillo Favorito en Versión Fruta #Colorgram #FruityGlassStick #BrilloLabial #LabiosJugosos #GlassLips #labiosglossy💋 ,https://www.tiktok.com/@mariluna1050/video/7517081991716687117,2025-06-17,mariluna1050,0,0,0,--,0,--,0,2,0.00%,0,0,0,0,0
💖¡Cejas que hablan por ti! #Colorgram #SketchSculpt #CejasPerfectas #DefineTusCejas #CejasNaturales #CejasDeImpacto #maquillajecoreanoperu ,https://www.tiktok.com/@mariluna1050/video/7517123430924225805,2025-06-17,mariluna1050,0,0,0,--,0,--,0,25,0.00%,0,0,0,0,1
•	Dale vida a tus mejillas con un toque de cuento 💫 #RuborDúo #ColorgramGlow #LookNatural #CheeksOnPoint #MaquillajeKBeauty #MejillasDeEnsueño #ToqueCoreano #brillabonito💖💫 ,https://www.tiktok.com/@mariluna1050/video/7517414377104903438,2025-06-18,mariluna1050,0,0,0,--,0,--,0,0,0.00%,0,0,0,0,0
💫 El Brillo Que Todos Quieren #GlossFruity #LabiosConBrillo #EfectoCristal #GlossyVibes #MakeupLover #BrilloNatural #GlossAdicta #ColorTranslúcido #LabiosJugosos ,https://www.tiktok.com/@mariluna1050/video/7517454538085879053,2025-06-18,mariluna1050,0,0,0,--,0,--,0,5,0.00%,0,0,0,0,0
obsess with Colorgram products 💋💄@COLORGRAM OFFICIAL @4am.kr #sunkissedlips #sunkissedmakeup #summervibes #islandgirlmakeup #glowup #glowymakeup #summermakeup #lipcombo #lipstain #colorgram #colorgramgirls #colorgramglowup #colorgramliptint #fruityglasstint #nudeblurtint #glosstostain ,https://www.tiktok.com/@typicaltinnna/video/7517471027677367566,2025-06-18,typicaltinnna,0,0,0,--,0,--,0,10,0.00%,0,0,0,1,2
"Summed has arrived, and to enhance your beauty in this warm weather, why not try a stunning sun-kissed makeup look? 💕 Colorgram offers the ideal lip combination for your summer style! You won’t want to miss out on these! 🛍️ Shop below 🔗👇 @COLORGRAM OFFICIAL @4am.kr  #sunkissedlips #sunkissedmakeup #summervibes #islandgirlmakeup #glowup #glowymakeup #summermakeup #lipcombo #lipstain #colorgram #colorgramgirls #colorgramglowup #colorgramliptint #fruityglasstint #nudeblurtint #glosstostain #fypage #viraltiktok #makeup #beautytok #kbeauty #koreanbeauty #koreanmakeuplook  ",https://www.tiktok.com/@juliana.sutherland/video/7517472740010609950,2025-06-18,juliana.sutherland,0,0,0,--,0,--,0,43,0.00%,0,0,0,0,1
"Define, rellena y brilla… ¡sin complicaciones! #A#AllInOneLipL#LabiosConEstiloC#ColorgramMakeupL#LipLoverM#MaquillajeCoreanoLabiosPerfectos",https://www.tiktok.com/@mariluna1050/video/7517502971928743182,2025-06-18,mariluna1050,0,0,0,--,0,--,0,5,0.00%,0,0,0,0,0
Dale vida a tus labios con un toque frutal #LabiosBrillantes #BrilloDeLabios #GlassLips #ColorgramTint #LabiosJugosos #tintedelabios💋 ,https://www.tiktok.com/@mariluna1050/video/7517736672700681486,2025-06-19,mariluna1050,0,0,0,--,0,--,0,7,0.00%,0,0,0,0,0
#tiktokshopcreatorpicks ,https://www.tiktok.com/@anita_love310/video/7518403051300850958,2025-06-21,anita_love310,0,0,0,--,0,--,0,1,0.00%,0,0,0,0,0
Sun-kissed lips by @COLORGRAM OFFICIAL @4am.kr  #sunkissedlips❤️‍🔥 #sunkissedmakeup #summervibes #islandgirlmakeup #glowup #glowymakeup #summermakeup #lipcombo #lipstain #colorgram #colorgramgirls #colorgramglowup #colorgramliptint #fruityglasstint #nudeblurtint  Summer osnak,https://www.tiktok.com/@bravelovewithjudy/video/7518412638578117918,2025-06-21,bravelovewithjudy,0,0,0,--,0,--,0,15,0.00%,0,0,0,0,1
My new fav Lippie 🥰👄💄@COLORGRAM OFFICIAL  #lipgloss#lipplumper#kbeauty#liptint#fypシ #colorgram #colorchanging ,https://www.tiktok.com/@caleajane_/video/7518604331600317727,2025-06-21,caleajane_,0,0,0,--,0,--,0,69,7.55%,0,0,0,0,1
My last step to sunkissed make up 💋 @COLORGRAM OFFICIAL @4am.kr ,https://www.tiktok.com/@abhythereforyou/video/7518930605669633335,2025-06-22,abhythereforyou,0,0,0,--,0,--,0,6,0.00%,0,0,0,1,1
This highlighter is so good #highlighter #makeup #colorgram ,https://www.tiktok.com/@nancyslife90/video/7519521482188279070,2025-06-24,nancyslife90,0,0,0,--,0,--,0,368,2.94%,0,0,0,2,2
Looks so good #highlighter #colorgram #makeup ,https://www.tiktok.com/@nancyslife90/video/7519599833708104990,2025-06-24,nancyslife90,0,0,0,--,0,--,0,11,14.29%,0,0,0,0,0
@COLORGRAM OFFICIAL #makeup #beauty #lipstain #liptint #lipgloss #kbeeauty ,https://www.tiktok.com/@hellozarri/video/7519662008174759182,2025-06-24,hellozarri,0,0,0,--,0,--,0,1564,1.71%,0,0,0,1,4
It’s giving bubbles from the Powerpuff Girls #highlight #colorgram #bubbleblue,https://www.tiktok.com/@danyasol/video/7519744068633496887,2025-06-24,danyasol,0,0,0,--,0,--,0,11,0.00%,0,0,0,0,0
,https://www.tiktok.com/@danyasol/video/7519746395465583927,2025-06-24,danyasol,0,0,0,--,0,--,0,6,0.00%,0,0,0,0,0
Pretty and pink. #colorgram #fyp ,https://www.tiktok.com/@danyasol/video/7519746914544405774,2025-06-24,danyasol,0,0,0,--,0,--,0,288,2.15%,0,0,0,0,1
The packaging is so cutesy as well!! @COLORGRAM OFFICIAL @4am.kr  #sunkissedlips #sunkissedmakeup #summervibes #islandgirlmakeup #glowup #glowymakeup #summermakeup #lipcombo #lipstain #colorgram #colorgramgirls #colorgramglowup #colorgramliptint #fruityglasstint #nudeblurtint #glosstostain,https://www.tiktok.com/@ella.holzhei/video/7519862452822084894,2025-06-25,ella.holzhei,0,0,0,--,0,--,0,45,0.00%,0,0,0,0,0
keeping my lips glossy + ready all summer — @COLORGRAM OFFICIAL @4am.kr 💋☀️ #colorgramambassador  (LIP COMBO DETAILS) 1. Nude Blur Tint 07 2. Fruity Glass Tint 07 3. Fruity Glass Tint 1004 #sunkissedlips #sunkissedmakeup #summervibes #islandgirlmakeup #glowup #glowymakeup #summermakeup #lipcombo #lipstain #colorgram #colorgramgirls #colorgramglowup #colorgramliptint #fruityglasstint #nudeblurtint #glosstostain #amazonprimeday #primedayfinds #primedaydeals #amazonmusthaves #amazonbeauty,https://www.tiktok.com/@itskathleenngo/video/7520440179119623454,2025-06-26,itskathleenngo,0,0,0,--,0,--,0,29,7.69%,0,0,0,0,0
#fyp #idle #gidle #miyeon #miyeongidle #kpop ,https://www.tiktok.com/@plutomimi/video/7520472843730144525,2025-06-26,plutomimi,0,0,0,--,0,--,0,2054,10.70%,0,0,0,0,30
Lip Swatch of Nude Blur Tint @COLORGRAM OFFICIAL with ASMR sound effects  #colorgram #nudeblurtint #summervibes #grwm #lippieoftheday #fyp #asmr #soundeffects ,https://www.tiktok.com/@abhythereforyou/video/7520757057193053454,2025-06-27,abhythereforyou,0,0,0,--,0,--,0,20,0.00%,0,0,0,0,1
,https://www.tiktok.com/@danyasol/video/7521036806645615927,2025-06-28,danyasol,0,0,0,--,0,--,0,34,14.29%,0,0,0,0,0
- @colorgram.official @4am.kr - #sunkissedlips #sunkissedmakeup #summervibes #islandgirlmakeup #glowup #glowymakeup #summermakeup #lipcombo #lipstain #colorgram #colorgramgirls #colorgramglowup #colorgramliptint #fruityglasstint #nudeblurtint #glosstostain,https://www.tiktok.com/@shadiaosman0/video/7521409155995847949,2025-06-29,shadiaosman0,0,0,0,--,0,--,0,193,6.57%,0,0,0,0,3
trying @COLORGRAM OFFICIAL fruit glass tint & blur nude tint lippies for the first time..do they live up to the hype? 🤔🍇✨ @4am.kr  #sunkissedlips #sunkissedmakeup #summervibes #islandgirlmakeup #glowup #glowymakeup #summermakeup #lipcombo #lipstain #colorgram #colorgramgirls #colorgramglowup #colorgramliptint #fruityglasstint #nudeblurtint #glosstostain #amazonprimeday #primedayfinds #primedaydeals #amazonmusthaves #amazonbeauty,https://www.tiktok.com/@dimsumwh0re/video/7521579206619270430,2025-06-29,dimsumwh0re,0,0,0,--,0,--,0,161,3.08%,0,0,0,0,5
These are amazing! @colorgram.official @4am.kr  #sunkissedlips #sunkissedmakeup #summervibes #islandgirlmakeup #glowup #glowymakeup #summermakeup #lipcombo #lipstain #colorgram #colorgramgirls #colorgramglowup #colorgramliptint #fruityglasstint #nudeblurtint #glosstostain,https://www.tiktok.com/@twilightshimmerboutique/video/7521800922968624439,2025-06-30,twilightshimmerboutique,0,0,0,--,0,--,0,14,0.00%,0,0,0,0,1
@COLORGRAM OFFICIAL #liptint #gloss #colorgram #tiktokshopmadeyoushop #dealsforyoudays #tiktokshopsummerturnup ,https://www.tiktok.com/@damamasofrecovery/video/7521915292373617934,2025-06-30,damamasofrecovery,0,0,0,--,0,--,0,281,7.36%,0,0,0,0,5
Got to try out all these lip stains and gloss’ from @COLORGRAM OFFICIAL. My favorites are the matte colors and especially the last matte color! Click the link below to order yours! 💄💋 @4am.kr  #beauty #beautyhacks #beautytips #beautytok #beautyreview #makeup #makeuphacks #makeuptutorial #lipgloss #lipstick #lipstain #matte #neutralaesthetic #colorgram #makeupreview #review #fyp #foryou #sunkissedlips #sunkissedmakeup #summervibes #islandgirlmakeup #glowup #glowymakeup #summermakeup #lipcombo #lipstain #colorgramgirls #colorgramglowup #colorgramliptint #fruityglasstint #nudeblurtint #glosstostain,https://www.tiktok.com/@bianca_xb/video/7521937947529071885,2025-06-30,bianca_xb,0,0,0,--,0,--,0,223,0.85%,0,0,0,2,10
"we went to miniso, he cha lou, and wholefoods for their berry chantilly cake for fathers day!! ꒰੭⸝⸝´˘ '⸝⸝꒱੭ 📍miniso tv hwy, hillsboro, or @MINISO United States @MINISO OFFICIAL @Hechalou @Whole Foods Market @Whole Foods Market  #m#myminisousam#minisoambassadorf#fypf#foryouf#foryoupagex#xyzbcac#contentcreatort#tiktokshopt#tiktokshopcreatorv#viralv#vlogt#trendt#trendst#trendyt#trendingc#capcutm#meitua#asianv#vietv#vietnamesevn #portlandoregon#portlandoregonand #p#pdxp#pnws#shoppings#shoppinghauls#shoppingvlogb#beautyb#beautytokbeautyreview ",https://www.tiktok.com/@ham.choi/video/7522098702580796702,2025-07-01,ham.choi,0,0,0,--,0,--,0,349,1.57%,0,0,0,0,11
COLORGRAM NUDE BLUR TINT Soft ,https://www.tiktok.com/@elymd1234/video/7522168746237005111,2025-07-01,elymd1234,0,0,0,--,0,--,0,165,0.00%,0,0,0,1,4
Colorgram lippies are the only lippies to complete that SUN KISSED look for summer time babe!😘  @COLORGRAM OFFICIAL @4am.kr  #SunKissedLips #sunkissedmakeup #summervibes #islandgirlmakeup #glowup #glowymakeup #summermakeup #lipcombo #lipstain #colorgram #colorgramgirls #colorgramglowup #colorgramliptint #fruityglasstint #nudeblurtint #glosstostain #amazonprimeday #amazonbeauty #amazonmusthaves #dealsforyoudays #fyp #US ,https://www.tiktok.com/@hannahmarie_sahm/video/7522307427308506399,2025-07-01,hannahmarie_sahm,0,0,0,--,0,--,0,1,0.00%,0,0,0,0,0
Colorgram lippies are the only lippies to complete that SUN KISSED look for summer time babe!😘  @COLORGRAM OFFICIAL @4am.kr  #SunKissedLips #sunkissedmakeup #summervibes #islandgirlmakeup #glowup #glowymakeup #summermakeup #lipcombo #lipstain #colorgram #colorgramgirls #colorgramglowup #colorgramliptint #fruityglasstint #nudeblurtint #glosstostain #amazonprimeday #amazonbeauty #amazonmusthaves #dealsforyoudays #fyp #US ,https://www.tiktok.com/@hannahmarie_sahm/video/7522308484474342687,2025-07-01,hannahmarie_sahm,0,0,0,--,0,--,0,266,4.20%,0,0,0,15,15
glassy tints are my favee but the blur tints are so much more hydrating and blurring than i expected💘 Colorgram Fruity Glass Tints Colorgram Nude Blur Tint @COLORGRAM OFFICIAL @colorgram_official @4am.kr  #sunkissedlips #sunkissedmakeup #summervibes #islandgirlmakeup #glowup #glowymakeup #summermakeup #lipcombo #lipstain #colorgram #colorgramgirls #colorgramglowup #colorgramliptint #fruityglasstint #nudeblurtint #glosstostain #amazonprimeday #primedayfinds #primedaydeals #amazonmusthaves #amazonbeauty ,https://www.tiktok.com/@ishasallll/video/7522343081551645966,2025-07-01,ishasallll,0,0,0,--,0,--,0,385,1.97%,0,0,0,1,6
Budget Feiendly Makeuo routine ✨️ please let me know your options for setting powders and bronzer! 😭  @TIRTIR Inc. @ONE SIZE BEAUTY @Diorbeauty @フィー fwee 日本公式 official  @SHEGLAM @COLORGRAM OFFICIAL #budgetfriendly #makeuproutine ,https://www.tiktok.com/@mariafer.greer/video/7522609613225643294,2025-07-02,mariafer.greer,0,0,0,--,0,--,0,313,0.00%,0,0,0,1,3
What’s in my Bagsmart Quilted Mini Backpack 💞 #bagsmart #minibackpack #bagsmartminibackpack #pink #pinkaesthetic #pinksetup #backpack #pinkbackpack #whatsinmybackpack #cuteaesthetic #packmybag ,https://www.tiktok.com/@kaerie.sweet/video/7522651774365224205,2025-07-02,kaerie.sweet,0,0,0,--,0,--,0,962,0.00%,0,0,0,0,9
THE CUTEST PACKAGING EVERR🎀🎀🎀🩷 #colorgram #liptint #lipblur #lipstick #lipcombo #colorgramfruityglasstint #colorgrammakeup #fypシ #trending #engagement @COLORGRAM OFFICIAL ,https://www.tiktok.com/@serenityvalencia22/video/7522652536394845453,2025-07-02,serenityvalencia22,0,0,0,--,0,--,0,564,1.15%,0,0,0,5,22
#colorgram @COLORGRAM OFFICIAL #makeup #highlighter ,https://www.tiktok.com/@justmearelis/video/7522654592165858574,2025-07-02,justmearelis,0,0,0,--,0,--,0,259,8.17%,0,0,0,2,4
trying another viral korean lip tint ༘˚⋆𐙚｡⋆𖦹.✧˚ colorgram fruity glass tint + nude blur tint  #kbeauty #kmakeup #koreanmakeup #lips #liptint #lipgloss #colorgramlipstain #douyinmakeup #xhsmakeup @COLORGRAM OFFICIAL @4am.kr #s#sunkissedlipss#sunkissedmakeups#summervibesi#islandgirlmakeupg#glowupg#glowymakeups#summermakeupl#lipcombol#lipstainc#colorgramc#colorgramgirlsc#colorgramglowupc#colorgramliptintf#fruityglasstintn#nudeblurtintg#glosstostaina#amazonprimedayp#primedayfindsp#primedaydealsa#amazonmusthavesamazonbeauty ,https://www.tiktok.com/@c.ndyc/video/7522664481290325279,2025-07-02,c.ndyc,0,0,0,--,0,--,0,556,1.22%,0,0,0,3,7
Love these cuties. You can use a blur tint and apply a gloss on top too 😌 - @COLORGRAM OFFICIAL @4am.kr  - #sunkissedlips #sunkissedmakeup #summervibes #islandgirlmakeup #glowup #glowymakeup #summermakeup #lipcombo #lipstain #colorgram #colorgramgirls #colorgramglowup #colorgramliptint #fruityglasstint #nudeblurtint #glosstostain ,https://www.tiktok.com/@la_kiss_boutique/video/7522668653569920287,2025-07-02,la_kiss_boutique,0,0,0,--,0,--,0,501,1.39%,0,0,0,4,4
COLOR GLAM NUDE BLUR TINT LIPPIE 💄💋#colorglam #nudelip #koreanskincareproducts #nudeblurtint #lippie #liptints #creatorpicks #dealsforyoudays #dealsfordays #tiktokshop ,https://www.tiktok.com/@light.love.looks/video/7523022942662413598,2025-07-03,light.love.looks,0,0,0,--,0,--,0,94,1.00%,0,0,0,2,1
#creatorsearchinsights MY FAVORITE lippie tint. #3 nude blur tint lippie color glam 💄💋 korean skincare formulated lippie tint ✨️ #dealsfordays #dealsforyoudays #creatorpicks #tiktokshop #liptints #nudeblurtint #koreanskincareproducts #colorglam #nudelip #lippie #myfavliptint #myfavproducts ,https://www.tiktok.com/@light.love.looks/video/7523029842724392222,2025-07-03,light.love.looks,0,0,0,--,0,--,0,47,2.00%,0,0,0,1,3
Such a pretty glitter gloss lip tint combo @COLORGRAM OFFICIAL ,https://www.tiktok.com/@essentialbeautyfinds/video/7523288361700805943,2025-07-04,essentialbeautyfinds,0,0,0,--,0,--,0,125,1.47%,0,0,0,4,12
Labial te hidrata y es de large duracion #labial #hermoso #duracion ,https://www.tiktok.com/@heri.lucio/video/7523296910434782494,2025-07-04,heri.lucio,0,0,0,--,0,--,0,50,0.00%,0,0,0,1,5
Color glam nude blur tint lippie korean skincare formulated lippie tint! #dealsfordays #dealsforyoudays #creatorpicks #tiktokshop #tiktokmademebuyit #koreanskincareproducts #nudeblurtint #colorglam #lippie #liptints ,https://www.tiktok.com/@light.love.looks/video/7523388128237817118,2025-07-04,light.love.looks,0,0,0,--,0,--,0,84,0.00%,0,0,0,2,2
Obsessed! 💋 This lip combo is everything 😍 Shimmery gloss and long-lasting tint from @COLORGRAM OFFICIAL ,https://www.tiktok.com/@essentialbeautyfinds/video/7523405228209753399,2025-07-04,essentialbeautyfinds,0,0,0,--,0,--,0,119,0.78%,0,0,0,2,11
Korean skincare formulated NUDE BLUR TINT LIPPIE COLOR GLAM! my lips feel so silky hydrated! #dealsfordays #dealsforyoudays #creatorpicks #tiktokshop #colorglam #lippie #liptints #koreanskincareproducts #nudeblurtint #makeupmusthaves #liptintviral ,https://www.tiktok.com/@light.love.looks/video/7523482187795074318,2025-07-04,light.love.looks,0,0,0,--,0,--,0,38,0.00%,0,0,0,1,1
Labios y mejillas lindos si te gusta lo bueno es para ti #labios #mejillas #hermosos ,https://www.tiktok.com/@heri.lucio/video/7523609077671300383,2025-07-05,heri.lucio,0,0,0,--,0,--,0,120,0.85%,0,0,0,1,2
Labial hermoso de larga duración #labial #hidrata #hermoso ,https://www.tiktok.com/@heri.lucio/video/7523619868843740447,2025-07-05,heri.lucio,0,0,0,--,0,--,0,63,0.00%,0,0,0,1,1
Labial hermoso te hidrata  asta por 24 horas #labial #hidrata ,https://www.tiktok.com/@heri.lucio/video/7523620025266081054,2025-07-05,heri.lucio,0,0,0,--,0,--,0,46,0.00%,0,0,0,1,3
its so pretty and pink #colorgram #colorgramhighlighter #highlighter #kbeauty #pinkmakeup #wonyoungism #fypシ ,https://www.tiktok.com/@zerosy.he4rts/video/7523729900742708535,2025-07-05,zerosy.he4rts,0,0,0,--,0,--,0,2143,5.24%,0,0,0,5,99
#COLORGRAM FRUITY GLASS TINT 🍓🍒 #liptint #koreanmakeup #TiktokShopCreatorPicks #DealsForYouDay ,https://www.tiktok.com/@lalalakays/video/7523892287810686263,2025-07-06,lalalakays,0,0,0,--,0,--,0,337,4.87%,0,0,0,0,7
,https://www.tiktok.com/@katiefindsdeals/video/7523959988801359159,2025-07-06,katiefindsdeals,0,0,0,--,0,--,0,407,3.13%,0,0,0,1,8
Last so long #colorgram #liptint ,https://www.tiktok.com/@nancyslife90/video/7523998395627736350,2025-07-06,nancyslife90,0,0,0,--,0,--,0,320,3.24%,0,0,0,0,16
Such a pretty matte lip combo #lipcombo #lipliner ,https://www.tiktok.com/@nancyslife90/video/7523998748133887262,2025-07-06,nancyslife90,0,0,0,--,0,--,0,307,3.31%,0,0,0,1,9
Love this mauve shade #colorgram #lipcombo #lipliner ,https://www.tiktok.com/@nancyslife90/video/7523999632326790431,2025-07-06,nancyslife90,0,0,0,--,0,--,0,328,0.87%,0,0,0,1,10
kbeauty guide to neutral colors since i feel like no one ever talks about neutrals 😭 @COLORGRAM OFFICIAL  ive always preferred neutrals bcuz majority of the time it suits most people and a great place to start when it comes to makeup beginners!! definitely will go more in depth :) but for now this is one of my favs that colorgram sent me~  #colorgram #liptints #kbeauty #koreanmakeup #lipgloss #hydratinggloss #mlbb #neutralmakeup ,https://www.tiktok.com/@alana.lyy/video/7524044314570132791,2025-07-06,alana.lyy,0,0,0,--,0,--,0,1030,3.30%,0,0,0,3,17
heard many good things about the colorgram tints!  ⋆˙⟡ - YS: PYOZ009 SV: INF10BLACKTEA - ⋆˙⟡ #colorgram #colorgramfruityglasstint #colorgramtint #liptint #koreanbeauty #kbeauty #asianmakeup #lipgloss #lipstain #cbeauty #jbeauty #wonyoungism #yesstyle ,https://www.tiktok.com/@icedpeachblacktea/video/7524130807531851038,2025-07-06,icedpeachblacktea,0,0,0,--,0,--,0,363,3.48%,0,0,0,6,18
"The Colorgram Blur Tint gives you a weightless, moisture-infused matte finish that stays comfy and vibrant all day. It’s smudge-proof, transfer-resistant, and non-sticky with a soft-focus blur effect that smooths lips beautifully. @COLORGRAM OFFICIAL #colorgram #blurtint #lipstick #fyp #fypシ゚viral #matte #perfectred #redlipstick ",https://www.tiktok.com/@shopthistok/video/7524173152918785310,2025-07-06,shopthistok,0,0,0,--,0,--,0,137,11.11%,0,0,0,0,2
"This tint melts into your lips and smooths everything out—no liner, no fuss. Shop the Nude Blur Tint before your shade disappears 🫢💄 #Colorgram #MLBB #LipTintMagic #BlurringTint #TikTokBeautyHack #SoftGirlLook #KBeautyLips#dealsforyoudays ",https://www.tiktok.com/@jenn__amoroso/video/7524304903762677047,2025-07-07,jenn__amoroso,0,0,0,--,0,--,0,76,4.00%,0,0,0,1,1
"@COLORGRAM OFFICIAL Lol as the only woman in office the guys always give me a hard time for making videos / yet they also always try to hop in them haha. I’ve been using these TikTok Shop finds for two weeks now and I’m genuinely impressed. The lip stain gives me the perfect sunkissed lips that actually last all day, and the blush melts into my skin like butter—it’s giving effortless island girl makeup with that soft, glowy makeup finish. I’ve tried so many summer makeup combos, but this lip combo with the fruity glass tint and nude blur tint from Colorgram is it. It’s that glow-up moment I didn’t know I needed. If you’re shopping Amazon beauty this week, these are truly primeday must-haves.",https://www.tiktok.com/@www.hannahcarroll.com/video/7524357039242431757,2025-07-07,www.hannahcarroll.com,0,0,0,--,0,--,0,381,0.50%,0,0,0,5,25
its literally so smooth and lasts long #colorgram #fruityglasstint #kbeauty #wonyoungism #fypシ ,https://www.tiktok.com/@zerosy.he4rts/video/7524466505354890509,2025-07-07,zerosy.he4rts,0,0,0,--,0,--,0,640,2.62%,0,0,0,3,43
@COLORGRAM OFFICIAL cute little eyeshadow palette 🫶🏻🥹🩷 #colorgram #kbeauty #kbeautymakeup #kmakeup #kmakeuptutorial #kmakeupproducts #makeupproducts #tiktokshop #tiktokshopfinds #kbeautyfinds ,https://www.tiktok.com/@palinda333/video/7524788242445536525,2025-07-08,palinda333,0,0,0,--,0,--,0,277,6.73%,0,0,0,0,11
"This juicy gloss just landed in the U.S. and there’s already less than 80 units sold 👀🍓 The Colorgram Fruity Glass Tint gives plump, glassy lips without the stickiness — and TikTok is already on it. If you love that soft, juicy K-beauty look... don’t wait. 💋 Which shade would you grab? 👇 @COLORGRAM OFFICIAL  #ColorgramTint #FruityGlassTint #PlumpAndGlossy #JuicyLipsOnly #KBeautyInTheUS #ViralLipFind #TikTokBeautyFinds #GlossGoals #LipTintAddict #NewDropAlert #GlassyLipsVibes #LipTok #MakeupUnder30 #DealsForYouDays #LipTrendWatch #LessThan80Left #KoreanMakeupLove",https://www.tiktok.com/@veronikaroma/video/7524794896541158687,2025-07-08,veronikaroma,0,0,0,--,0,--,0,193,0.98%,0,0,0,4,16
i love the gloss sm! #colorgram #colorgramfruityglasstint #fruityglasstint #colorgramgloss #kbeauty #wonyoungism #fypシ ,https://www.tiktok.com/@zerosy.he4rts/video/7524804734377577742,2025-07-08,zerosy.he4rts,0,0,0,--,0,--,0,870,4.65%,0,0,0,3,80
@COLORGRAM OFFICIAL Lip Jam 🥮💓  . #fypシ #makeup #beauty #tiktokshop #colorgram ,https://www.tiktok.com/@deemiirbeauty_/video/7524806283195616542,2025-07-08,deemiirbeauty_,0,0,0,--,0,--,0,270,3.85%,0,0,0,0,6
Glossy Pink Lip Combo💖🌸🎀 #lipcombo #fyp #tiktokshop #pink #glossylips ,https://www.tiktok.com/@frafrizzy.xo/video/7526177148294450487,2025-07-12,frafrizzy.xo,0,0,0,--,0,--,0,692,7.53%,0,0,0,0,13
how will i go viral now???? 😩😩😩 #fyp #foryou #foryoupage #viral #viralvideo ,https://www.tiktok.com/@ham.choi/video/7526204227429879071,2025-07-12,ham.choi,0,0,0,--,0,--,0,442,0.95%,0,0,0,0,5
its just 💣💣💣💣 @COLORGRAM OFFICIAL @colorgram_official  #blur #tint #lipcombo #favorite #lip #lipstick #makeup #recommendations #nudelip ,https://www.tiktok.com/@ilovepicklejam/video/7526208149590773023,2025-07-12,ilovepicklejam,0,0,0,--,0,--,0,613,1.58%,0,0,0,1,9
COLOR GLAM NUDE BLUR TINT LIPPIE ✨️ korean skincare formulated lippie nude blur tint ♥️  #tiktokshopcreatorpicks #tiktokmademebuyit #tiktokdealsforyoudays #liptints #koreanskincareproducts❤️ #nudelip ,https://www.tiktok.com/@light.love.looks/video/7527014482300751135,2025-07-14,light.love.looks,0,0,0,--,0,--,0,284,0.36%,0,0,0,2,2
These fruity glass tint lip glosses from @COLORGRAM OFFICIAL  are definitely a must have for that perfect summer makeup ✨thank you @4AM Marketing – Saebyeok Naesi for sending me these ❤️ #sunkissedmakeup #summermakeup #colorgram #fypシ゚viral ,https://www.tiktok.com/@ronniee.xo/video/7527079474878336287,2025-07-14,ronniee.xo,0,0,0,--,0,--,0,306,1.24%,0,0,0,0,10
Pink lip combo🌸✨💝🎀 #lipcombo #pink #liptint #glossy #fyp #tiktokshop ,https://www.tiktok.com/@frafrizzy.xo/video/7527341799552109838,2025-07-15,frafrizzy.xo,0,0,0,--,0,--,0,267,1.80%,0,0,0,5,11
Lip combo for today🥰 @COLORGRAM OFFICIAL  . . . #fyp #lipplumper #lipgloss #viral #lipcombo #lipstick #lips #makeup #makeuproutine ,https://www.tiktok.com/@__.christiana._/video/7527366654620192030,2025-07-15,__.christiana._,0,0,0,--,0,--,0,527,0.55%,0,0,0,6,18
Korean skincare in a lippie Color glam nude blur tint lippie shade 3 has my lips feeling and looking so beautiful 😍 #colorglam #lippie #liptints ,https://www.tiktok.com/@light.love.looks/video/7527982634119613727,2025-07-17,light.love.looks,0,0,0,--,0,--,0,137,2.67%,0,0,0,1,3
,https://www.tiktok.com/@dash6242/video/7528109667130543373,2025-07-17,dash6242,0,0,0,--,0,--,0,584,1.17%,0,0,0,4,10
#cosduck #colorgram #oliveyoung #kbeauty #girly @COLORGRAM OFFICIAL #tiktokshop #ad  ,https://www.tiktok.com/@kristy042015/video/7528245214356442399,2025-07-17,kristy042015,0,0,0,--,0,--,0,59,2.90%,0,0,0,2,5
It’s a solid 9.5/10 only because I have long nails and there’s no applicator #fyp #beauty #tiktokshop #freesample ,https://www.tiktok.com/@jorbibob/video/7528277231358037262,2025-07-17,jorbibob,0,0,0,--,0,--,0,313,0.30%,0,0,0,0,4
Yeah I’m a busy woman #fyp ,https://www.tiktok.com/@jorbibob/video/7528490157037604110,2025-07-18,jorbibob,0,0,0,--,0,--,0,147,0.66%,0,0,0,2,3
#ad #tiktokshop #cosduck #colorgram #oliveyoung #kbeauty #girly @COLORGRAM OFFICIAL ,https://www.tiktok.com/@kristy042015/video/7528555405094571294,2025-07-18,kristy042015,0,0,0,--,0,--,0,68,2.53%,0,0,0,4,7
The prettiest lipglosd from @COLORGRAM OFFICIAL ❤️ #sunkissedlips #sunkissedmakeup #summervibes #islandgirlmakeup #glowup #glowymakeup #summermakeup #lipcombo #lipstain #colorgram #colorgramgirls #colorgramglowup #colorgramliptint #fruityglasstint #nudeblurtint #glosstostain @4AM Marketing – Saebyeok Naesi ,https://www.tiktok.com/@emilycheng02/video/7528686927885683981,2025-07-18,emilycheng02,0,0,0,--,0,--,0,376,0.51%,0,0,0,0,6
COLORGRAM Red Bomb Collection let's review this collection together from @COLORGRAM OFFICIAL what do we think of this collection!?  #cosduck #oliveyoung #colorgram #kbeauty #onecolordualtexture #glowdesigning #inmypocketitem #colorgram #colorgramredbombcollection #colorgramliptint #colorgrammakeup #makeup #makeupreview #kbeautymakeup #beauty #beautytok #beautyreview #beautyreviews #kbeautymakeup #mombeauty #mom #momsoftiktok #momlife #momtok #momcontent #momcontentcreator #momblogger #mominfluencer #mombeauty #review #fyp #fypシ #fypシ゚viral #viral #viralvideo #blowthisup  #Ad #TikTokShop #tiktokshopfinds  #CapCut ,https://www.tiktok.com/@dominiquergallardo/video/7528689008025619743,2025-07-18,dominiquergallardo,0,0,0,--,0,--,0,340,3.07%,0,0,0,13,21
#colorgram #eyeshadow #travelsize ,https://www.tiktok.com/@marzillia/video/7528773323665329421,2025-07-19,marzillia,0,0,0,--,0,--,0,181,4.17%,0,0,0,1,3
#cosduck #colorgram #oliveyoung #kbeauty #watertint @COLORGRAM OFFICIAL ,https://www.tiktok.com/@zeevill3656/video/7528853262641007903,2025-07-19,zeevill3656,0,0,0,--,0,--,0,256,0.78%,0,0,0,0,3
#cosduck #colorgram #oliveyoung #kbeauty #watertint@COLORGRAM OFFICIAL ,https://www.tiktok.com/@zeevill3656/video/7528855406546881822,2025-07-19,zeevill3656,0,0,0,--,0,--,0,284,0.34%,0,0,0,0,3
#fyp #blush#lipblur#liptint#glassliptint#lipstick#lipcolors#blushes#blusher#redbomb #colorgramliptint #lipcombotutorial ,https://www.tiktok.com/@virginiareiter1/video/7528880433447128350,2025-07-19,virginiareiter1,0,0,0,--,0,--,0,297,8.06%,0,0,0,3,12
@COLORGRAM OFFICIAL  #cosduck #oliveyoung #colorgram #kbeauty #tiktokshopsummersale #dealsforyoudays #fyp #summer #summervibes ,https://www.tiktok.com/@groovygal1972/video/7528887812154789150,2025-07-19,groovygal1972,0,0,0,--,0,--,0,44,4.76%,0,0,0,3,4
#kbeautymakeup #colorgram #lipcare #lipgloss ,https://www.tiktok.com/@veritas.julezop/video/7528890383275789599,2025-07-19,veritas.julezop,0,0,0,--,0,--,0,273,2.37%,0,0,0,0,4
@COLORGRAM OFFICIAL  #cosduck #colorgram #oliveyoung #kbeauty #affordablemakeup #beauty #lips #plumplips #dealsforyoudays #tiktokshopsummersale #summer #summervibes #fyp ,https://www.tiktok.com/@groovygal1972/video/7528890784230247710,2025-07-19,groovygal1972,0,0,0,--,0,--,0,74,0.00%,0,0,0,1,3
#lipcolor #colorgram #KoreanMakeup #TikTokShopBeauty ,https://www.tiktok.com/@veritas.julezop/video/7528891165085535519,2025-07-19,veritas.julezop,0,0,0,--,0,--,0,461,0.81%,0,0,0,0,1
#lipcolor #colorgram #KoreanMakeup #TikTokShopBeauty ,https://www.tiktok.com/@veritas.julezop/video/7528891270094245150,2025-07-19,veritas.julezop,0,0,0,--,0,--,0,284,1.63%,0,0,0,0,3
loveee,https://www.tiktok.com/@ferrsfinsta/video/7528916841511669022,2025-07-19,ferrsfinsta,0,0,0,--,0,--,0,18,0.00%,0,0,0,0,0
COLORGRAM FRUITY GLOSS LIPGLOSS @COLORGRAM OFFICIAL  . . .#tiktokshopcreatorpicks #dealsforyoudays #lipgloss ,https://www.tiktok.com/@marnigoldshop/video/7528959992427236621,2025-07-19,marnigoldshop,0,0,0,--,0,--,0,201,3.47%,0,0,0,0,10
#ad @COLORGRAM OFFICIAL I love this highlighter! Is so cute and travel friendly!! 🩷 #cosduck #colorgram #oliveyoung #kbeauty #cutemakeup ,https://www.tiktok.com/@palinda333/video/7528965582079741198,2025-07-19,palinda333,0,0,0,--,0,--,0,248,2.56%,0,0,0,0,3
@COLORGRAM OFFICIAL #cosduck #colorgram #oliveyoung #kbeauty #affordablemakeup #ad #tiktokshop ,https://www.tiktok.com/@katie_rosee_/video/7528972003957591310,2025-07-19,katie_rosee_,0,0,0,--,0,--,0,129,2.24%,0,0,0,0,1
@COLORGRAM OFFICIAL #cosduck #colorgram #oliveyoung #lipjam #kbeauty #ad #tiktokshop ,https://www.tiktok.com/@katie_rosee_/video/7528981302033353998,2025-07-19,katie_rosee_,0,0,0,--,0,--,0,139,0.69%,0,0,0,0,4
@COLORGRAM OFFICIAL #cosduck #colorgram #oliveyoung #kbeauty #blush #ad #tiktokshop ,https://www.tiktok.com/@katie_rosee_/video/7528984528178760973,2025-07-19,katie_rosee_,0,0,0,--,0,--,0,266,4.58%,0,0,0,1,6
These feel so nostalgic to me 💖💖💖@COLORGRAM OFFICIAL  #colorgram #koreanlipcare  #colorgrammakeup  #colorgramliptint #lippiescollection ,https://www.tiktok.com/@soulmutherllc/video/7529160043925605663,2025-07-20,soulmutherllc,0,0,0,--,0,--,0,99,0.00%,0,0,0,0,1
"Obviously such a bright pink isn't so ""natural"" but it stays on like it could be,  dang  #colorgram #colorgramliptint  #liptintstain  #fruitywatertint  #lippiescollection ",https://www.tiktok.com/@soulmutherllc/video/7529240454550916382,2025-07-20,soulmutherllc,0,0,0,--,0,--,0,44,0.00%,0,0,0,0,1
I used the @COLORGRAM OFFICIAL aegyo sal pencil in shade 03!! 🫶🏻🩷 #aegyosal #aegyosalmakeup #aegyosaltutorial #kbeauty #kbeautyproducts #kbeautymakeup #kmakeup ,https://www.tiktok.com/@palinda333/video/7529247967950195982,2025-07-20,palinda333,0,0,0,--,0,--,0,380,0.28%,0,0,0,0,7
Not me using the aegyo sal as prop #aegyosal #aegyosalmakeup ,https://www.tiktok.com/@palinda333/video/7529249264585788686,2025-07-20,palinda333,0,0,0,--,0,--,0,296,0.33%,0,0,0,0,5
"soft, smooth, hydrated, juicy, plump LIPS... gimmie them ALLLLLL 🫦🥹🫶  @COLORGRAM OFFICIAL  #cosduck #colorgram #oliveyoung #kbeauty #juicylip #ad #lipcare #lipbalm #lipgloss #juicylips #plumplips #lippies #lipbalms #koreanskincare #koreanmakeup #tintedlipbalm #tintedlipgloss #tinted #lipjam #lips #lip #makeup #makeuptok #cosmetics #smoothlips #softlips #hydratedlips #lipexfoliation #DealsForYouDays #tiktokshopbacktoschool #US #Fyp #Colorgramtintindorylipjam #colorgramliptint #liptint ",https://www.tiktok.com/@hannahmarie_sahm/video/7529252083489459487,2025-07-20,hannahmarie_sahm,0,0,0,--,0,--,0,310,2.36%,0,0,0,14,17
"Brighten your pout with COLORGRAM Juicy Tint – a burst of vibrant, water-based color that delivers juicy, kissable lips with a lightweight, non-sticky finish. Infused with refreshing botanical extracts, it glides on smoothly for a sheer yet buildable wash of color that enhances your natural beauty. Perfect for effortless everyday glam or a subtle pop of shade! 💧 Light, hydrating tint formula 🍓 Buildable, juicy color payoff 🌿 Feels weightless & nourishing 💋 Ideal for natural, everyday wear #COLORGRAMJuicyTint #JuicyLips #TintedBeauty #EverydayLipColor #HydratingTint #EffortlessGlam #FreshLipLook #NaturalTint #LipCareBeauty #ColorPop #BareBeauty #KBeautyInspired #TintLove #LipGoals #SoftAndShiny @cosduck_official @COLORGRAM OFFICIAL #cosduck #oliveyoung #colorgram #kbeauty ",https://www.tiktok.com/@beth81ann/video/7529256392926973198,2025-07-20,beth81ann,0,0,0,--,0,--,0,120,0.89%,0,0,0,1,3
#creatorsearchinsights #tiktokshop #cologramliptint #cologramfruityglasstint ,https://www.tiktok.com/@reineleogane/video/7529288817895886110,2025-07-20,reineleogane,0,0,0,--,0,--,0,46,2.33%,0,0,0,0,6
#creatorsearchinsights #tiktokshop #cologramliptint #cologramfruityglasstint ,https://www.tiktok.com/@reineleogane/video/7529289475038465310,2025-07-20,reineleogane,0,0,0,--,0,--,0,10,0.00%,0,0,0,2,1
#cosduck #colorgram #kbeauty colorgram.official,https://www.tiktok.com/@reineleogane/video/7529291155201199390,2025-07-20,reineleogane,0,0,0,--,0,--,0,241,1.61%,0,0,0,0,2
✨Cutest highlighter @COLORGRAM OFFICIAL milk bling highlighter 💗 #highlighter #colorgrampartner #colorgram #cosduck #colorgram #oliveyoung #kbeauty #cutemakeup,https://www.tiktok.com/@luvayesha3/video/7529292603582418231,2025-07-20,luvayesha3,0,0,0,--,0,--,0,785,7.21%,0,0,0,2,33
#cosduck #colorgram #oliveyoung #kbeauty #makeuphacks colorgram.official,https://www.tiktok.com/@reineleogane/video/7529297412997827871,2025-07-20,reineleogane,0,0,0,--,0,--,0,503,1.18%,0,0,0,0,2
#cosduck #colorgram #oliveyoung #kbeauty #juicylip colorgram.official,https://www.tiktok.com/@reineleogane/video/7529298170023660831,2025-07-20,reineleogane,0,0,0,--,0,--,0,191,1.47%,0,0,0,0,1
#ad @COLORGRAM OFFICIAL I love this highlighter! Is so cute and travel friendly!! #cosduck #colorgram #oliveyoung #kbeauty #cutemakeup,https://www.tiktok.com/@palinda333/video/7529316045430066487,2025-07-20,palinda333,0,0,0,--,0,--,0,329,5.34%,0,0,0,1,14
Colorgram fruity glass tint mini duo set ⋆.˚🦋༘⋆ they’re so tiny and cute 🥹 @COLORGRAM OFFICIAL @colorgram_official ##kbeauty #makeup #colorgram #colorgramfruityglasstint #tanghululips #gloss #glitter #tanghulu #koreanliptint #lipplumper #minimakeup #wonyoungism #fyp #dontletthisflop #kpopfyp #foryoupage #blowup #tiktokshop ,https://www.tiktok.com/@dear_diarlee/video/7529318090774023455,2025-07-20,dear_diarlee,0,0,0,--,0,--,0,753,5.43%,0,0,0,8,35
@COLORGRAM OFFICIAL Blurry Lip Combo 💋 • Soft Blur Effect for Smoother Lips & Cheeks • Lightweight & Comfortable Wear • Long-Lasting & Transfer-Resistant Formula • Vegan & Cruelty-Free • Perfect for Everyday Use #cosduck #oliveyoung #colorgram #kbeauty ,https://www.tiktok.com/@crownxe/video/7529348048552496439,2025-07-20,crownxe,0,0,0,--,0,--,0,7,0.00%,0,0,0,0,0
@COLORGRAM OFFICIAL Blurry Lip Combo  💋 Soft Blur Effect for Smoother Lips & Cheeks 💋 Lightweight & Comfortable Wear 💋 Long-Lasting & Transfer-Resistant Formula 💋 Perfect for Everyday Use #ad #cosduck #oliveyoung #colorgram #kbeauty ,https://www.tiktok.com/@crownxe/video/7529350265506385165,2025-07-20,crownxe,0,0,0,--,0,--,0,117,2.42%,0,0,0,2,5
adding another @COLORGRAM OFFICIAL  lippie to my collection hehe  product- colorgram fruity water tint in shade 04  watermelon  #cosduck #colorgram #oliveyoung #glossylips #kbeauty #unboxing #asmr #grwm #trending #viral #pretty #cooltone #warmtone #beauty #watertint ,https://www.tiktok.com/@_a2zbeauty/video/7529353157734894862,2025-07-20,_a2zbeauty,0,0,0,--,0,--,0,170,2.48%,0,0,0,2,6
Replying to @chelleypistolsx #colorgram #eyeshadow #travelsize @COLORGRAM OFFICIAL ,https://www.tiktok.com/@marzillia/video/7529562227511217463,2025-07-21,marzillia,0,0,0,--,0,--,0,223,1.70%,0,0,0,1,3
the prettiest stain!! colorgram fruity water tint in shade 04 sulking watermelon. @COLORGRAM OFFICIAL  #watertint #beauty #warmtone #cooltone #pretty #colorgram #oliveyoung #kbeauty #unboxing #cosduck #pink #lipstain #lipgloss #aesthetic ,https://www.tiktok.com/@_a2zbeauty/video/7529646591939005710,2025-07-21,_a2zbeauty,0,0,0,--,0,--,0,142,4.26%,0,0,0,3,6
The lip tint is so good @COLORGRAM OFFICIAL #cosduck #colorgram #oliveyoung #kbeauty #makeuphacks #ad ,https://www.tiktok.com/@upasana_shineandthrive/video/7529662414485261599,2025-07-21,upasana_shineandthrive,0,0,0,--,0,--,0,304,9.62%,0,0,0,3,10
Colorgram Fruity Glass Stick Lip Gloss #cosduck #colorgram #oliveyoung #kbeauty #affordablemakeup #ad #tiktokshop @COLORGRAM OFFICIAL ,https://www.tiktok.com/@kjordan2002/video/7529677335511993613,2025-07-21,kjordan2002,0,0,0,--,0,--,0,71,3.85%,0,0,0,2,3
@COLORGRAM OFFICIAL  #cosduck #colorgram #oliveyoung #glossylips #kbeauty #koreanskincare #korean #beautifulskin #beautifulmakeup #fyp ,https://www.tiktok.com/@groovygal1972/video/7529693397234306335,2025-07-21,groovygal1972,0,0,0,--,0,--,0,109,0.83%,0,0,0,0,1
@COLORGRAM OFFICIAL  #cosduck #oliveyoung #colorgram #kbeauty #beautifulmakeup #beautifulskin #korean #Superman #fyp #dealsforyoudays #tiktokshopsummersale ,https://www.tiktok.com/@groovygal1972/video/7529695762486283550,2025-07-21,groovygal1972,0,0,0,--,0,--,0,131,0.79%,0,0,0,0,1
@COLORGRAM OFFICIAL  #cosduck #colorgram #oliveyoung #lipjam #kbeauty #beautifulmakeup #softlips #Superman #summer #korean #koreanlipcare #koreanskincare #pigment #dealsforyoudays #tiktokshopsummersale ,https://www.tiktok.com/@groovygal1972/video/7529715395326954782,2025-07-21,groovygal1972,0,0,0,--,0,--,0,135,0.70%,0,0,0,0,4
#cosduck #colorgram #oliveyoung #kbeauty #cutemakeup #fyp #beautytok @COLORGRAM OFFICIAL ,https://www.tiktok.com/@kristy042015/video/7529754304371035422,2025-07-21,kristy042015,0,0,0,--,0,--,0,58,5.80%,0,0,0,8,3
,https://www.tiktok.com/@komalkariatanna/video/7529756219527990583,2025-07-21,komalkariatanna,0,0,0,--,0,--,0,140,1.96%,0,0,0,0,1
Lets do my Eyeshadow Using COLORGRAM all in one Eyeshadow @COLORGRAM OFFICIAL ✨️😍💖 #cosduck #oliveyoung #colorgram #kbeauty #colorgrammakeup #makeup #beauty #beautytok #momlife #mombeauty #momcontentcreator #mominfluencer #momblogger #fyp #fypシ #fypシ゚viral #viral #viralvideo #viraltiktok #blowthisup ,https://www.tiktok.com/@dominiquergallardo/video/7529925437015870751,2025-07-22,dominiquergallardo,0,0,0,--,0,--,0,134,0.68%,0,0,0,8,18
Let's review the @COLORGRAM OFFICIAL  COLORGRAM Juicy Drop Tint ✨️💖 💋  #cosduck #oliveyoung #colorgram #kbeauty #colorgramjuicydroptint #colorgramliptint #juicydroptint #liptint #lipproducts #makeup #makeuptok #beauty #beautytok #mombeauty #momlife #momtok #momcontent #momcontentcreator #mominfluencer #momblogger #mommusthaves #beautymusthaves #makeupreview #fyp #fypシ #fypシ゚viral #viral #viralvideo #blowthisup #CapCut ,https://www.tiktok.com/@dominiquergallardo/video/7529987296972639519,2025-07-22,dominiquergallardo,0,0,0,--,0,--,0,128,1.46%,0,0,0,9,27
I used the @COLORGRAM OFFICIAL aegyo sal pencil in shade 03!! #koreanproducts #colorgram #kbeauty #aegyosal #aegyosalmakeup ,https://www.tiktok.com/@palinda333/video/7529991013167828279,2025-07-22,palinda333,0,0,0,--,0,--,0,313,3.56%,0,0,0,2,14
#cosduck #colorgram #oliveyoung #kbeauty #blush #makeup #fyp  @COLORGRAM OFFICIAL  ,https://www.tiktok.com/@kristy042015/video/7529994686904143135,2025-07-22,kristy042015,0,0,0,--,0,--,0,59,2.99%,0,0,0,9,7
"Replying to @Deucie what I do for my skin to look glowy!! Skin prep, good makeup base and in the video you saw I’m using this highlighter!! Shade 01 :) @COLORGRAM OFFICIAL #glowyskin #glowymakeup #highlighters #kbeauty #kmakeup #colorgram ",https://www.tiktok.com/@palinda333/video/7530010320769682743,2025-07-22,palinda333,0,0,0,--,0,--,0,249,0.41%,0,0,0,0,2
#beauty #gloss ,https://www.tiktok.com/@therealanhammy3/video/7530011361548504350,2025-07-22,therealanhammy3,0,0,0,--,0,--,0,25,0.00%,0,0,0,2,4
#cosduck #oliveyoung #colorgram #kbeauty @colorgram.official,https://www.tiktok.com/@therealanhammy3/video/7530012235284958495,2025-07-22,therealanhammy3,0,0,0,--,0,--,0,22,4.35%,0,0,0,2,4
,https://www.tiktok.com/@zeevill3656/video/7530022571652238623,2025-07-22,zeevill3656,0,0,0,--,0,--,0,3,0.00%,0,0,0,0,0
,https://www.tiktok.com/@zeevill3656/video/7530022831598456094,2025-07-22,zeevill3656,0,0,0,--,0,--,0,4,0.00%,0,0,0,0,0
,https://www.tiktok.com/@zeevill3656/video/7530023256242261278,2025-07-22,zeevill3656,0,0,0,--,0,--,0,0,0.00%,0,0,0,0,0
#cosduck #colorgram #oliveyoung #kbeauty #watertint@COLORGRAM OFFICIAL ,https://www.tiktok.com/@zeevill3656/video/7530023853616041246,2025-07-22,zeevill3656,0,0,0,--,0,--,0,251,0.00%,0,0,0,0,0
#cosduck #colorgram #oliveyoung #kbeauty #watertint@COLORGRAM OFFICIAL ,https://www.tiktok.com/@zeevill3656/video/7530023976299482399,2025-07-22,zeevill3656,0,0,0,--,0,--,0,183,0.00%,0,0,0,0,0
#cosduck #colorgram #oliveyoung #kbeauty #watertint@COLORGRAM OFFICIAL ,https://www.tiktok.com/@zeevill3656/video/7530024043135667487,2025-07-22,zeevill3656,0,0,0,--,0,--,0,223,0.44%,0,0,0,0,1
#cosduck #colorgram #oliveyoung #lipjam #kbeauty@COLORGRAM OFFICIAL ,https://www.tiktok.com/@zeevill3656/video/7530024766334373150,2025-07-22,zeevill3656,0,0,0,--,0,--,0,252,0.37%,0,0,0,0,3
#cosduck #colorgram #oliveyoung #lipjam #kbeauty@COLORGRAM OFFICIAL ,https://www.tiktok.com/@zeevill3656/video/7530027443411815711,2025-07-22,zeevill3656,0,0,0,--,0,--,0,144,2.21%,0,0,0,0,2
#cosduck #colorgram #oliveyoung #kbeauty #overlinedlips@COLORGRAM OFFICIAL ,https://www.tiktok.com/@zeevill3656/video/7530030014574644510,2025-07-22,zeevill3656,0,0,0,--,0,--,0,40,0.00%,0,0,0,0,4
I am in love with these Fruity Glass Sticks from @COLORGRAM OFFICIAL They are so hydrating and make my lips plump and soft.  #cosduck #colorgram #oliveyoung #kbeauty #affordablemakeup #ad ,https://www.tiktok.com/@whitney_speaking/video/7530035869483355406,2025-07-22,whitney_speaking,0,0,0,--,0,--,0,0,0.00%,0,0,0,0,0
#cosduck #colorgram #oliveyoung #kbeauty #juicylipz91 colorgram.official,https://www.tiktok.com/@reineleogane/video/7530035951427407135,2025-07-22,reineleogane,0,0,0,--,0,--,0,167,2.87%,0,0,0,0,2
I am in love with these Fruity Glass Sticks from @COLORGRAM OFFICIAL They are so hydrating and make my lips plump and soft.  #cosduck #colorgram #oliveyoung #kbeauty #affordablemakeup #ad ,https://www.tiktok.com/@whitney_speaking/video/7530036189634645262,2025-07-22,whitney_speaking,0,0,0,--,0,--,0,68,0.00%,0,0,0,0,1
#cosduck #colorgram #kbeauty colorgram.official,https://www.tiktok.com/@reineleogane/video/7530037005078613279,2025-07-22,reineleogane,0,0,0,--,0,--,0,112,1.75%,0,0,0,0,1
#cosduck #colorgram #oliveyoung #kbeauty #makeuphacks colorgram.official,https://www.tiktok.com/@reineleogane/video/7530040806812421407,2025-07-22,reineleogane,0,0,0,--,0,--,0,61,9.68%,0,0,0,0,3
Such a pretty red shade 💖 get yours now ✨ @COLORGRAM OFFICIAL #cosduck #colorgram #oliveyoung #kbeauty #blush ,https://www.tiktok.com/@chrischellenicole07/video/7530049411930426637,2025-07-22,chrischellenicole07,0,0,0,--,0,--,0,272,1.04%,0,0,0,9,16
@COLORGRAM OFFICIAL Amazing quality on this beautiful eyeshadow.  #cosduck #colorgram #oliveyoung #kbeauty #girly #eyeshadow ,https://www.tiktok.com/@whitney_speaking/video/7530082961132096782,2025-07-22,whitney_speaking,0,0,0,--,0,--,0,9,0.00%,0,0,0,0,1
A must have for over lining your lips AND it even plumps them... 😍 Colorgram is doing it right! @COLORGRAM OFFICIAL  #cosduck #oliveyoung #colorgram #kbeauty #ad #juicylip #makeup #makeuptok #lippies #overlininglips #lips #lippencil #lipstick #lipgloss #lip #lipliner #cosmetics #beauty #koreanmakeup #lipcare #softlips #mattelipstick #mattelips #glossylips #tiktokshopbacktoschool #US #Fyp #plumplips #lipplumper ,https://www.tiktok.com/@hannahmarie_sahm/video/7530087055204814110,2025-07-22,hannahmarie_sahm,0,0,0,--,0,--,0,7,0.00%,0,0,0,0,0
A must have for over lining your lips AND it even plumps them... 😍 Colorgram is doing it right! @COLORGRAM OFFICIAL  #cosduck #oliveyoung #colorgram #kbeauty #ad #juicylip #makeup #makeuptok #lippies #overlininglips #lips #lippencil #lipstick #lipgloss #lip #lipliner #cosmetics #beauty #koreanmakeup #lipcare #softlips #mattelipstick #mattelips #glossylips #tiktokshopbacktoschool #US #Fyp #plumplips #lipplumper ,https://www.tiktok.com/@hannahmarie_sahm/video/7530088585521941791,2025-07-22,hannahmarie_sahm,0,0,0,--,0,--,0,34,8.89%,0,0,0,10,12
Colorgram Sebum Blur Pact powder in Color Spring Blossom Pink ✨ #ad #cosduck #oliveyoung #colorgram #kbeauty @COLORGRAM OFFICIAL ,https://www.tiktok.com/@varaminta/video/7530096145155067191,2025-07-22,varaminta,0,0,0,--,0,--,0,96,0.00%,0,0,0,2,8
#cosduck #colorgram #oliveyoung #lipjam #kbeauty @COLORGRAM OFFICIAL #fypシ #dealsforyoudays ,https://www.tiktok.com/@kristy042015/video/7530106504674823455,2025-07-22,kristy042015,0,0,0,--,0,--,0,0,0.00%,0,0,0,0,0
#cosduck #colorgram #oliveyoung #lipjam #kbeauty @COLORGRAM OFFICIAL ,https://www.tiktok.com/@kristy042015/video/7530107646683221279,2025-07-22,kristy042015,0,0,0,--,0,--,0,41,7.32%,0,0,0,7,6
@COLORGRAM OFFICIAL #cosduck #colorgram #oliveyoung #glossylips #kbeauty  #beautifulmakeup #softlips #fyp #Superman #dealsforyoudays #lips #lipplumper ,https://www.tiktok.com/@groovygal1972/video/7530108421710826782,2025-07-22,groovygal1972,0,0,0,--,0,--,0,7,0.00%,0,0,0,0,1
@COLORGRAM OFFICIAL  #cosduck #colorgram #oliveyoung #lipjam #kbeauty #beautifulmakeup #fypシ ,https://www.tiktok.com/@groovygal1972/video/7530111362794556702,2025-07-22,groovygal1972,0,0,0,--,0,--,0,11,0.00%,0,0,0,0,1